Hour,Channel,Sessions
0,Direct,1684
0,Organic Search,1311
0,Organic Social,3917
0,Organic Video,6
0,Referral,1204
0,Unassigned,26
1,Direct,1196
1,Organic Search,984
1,Organic Social,2108
1,Organic Video,5
1,Referral,923
1,Unassigned,12
2,Direct,887
2,Email,1
2,Organic Search,804
2,Organic Social,1537
2,Organic Video,2
2,Referral,755
2,Unassigned,13
3,Direct,771
3,Organic Search,606
3,Organic Social,1249
3,Organic Video,2
3,Referral,560
3,Unassigned,11
4,Direct,666
4,Email,1
4,Organic Search,535
4,Organic Social,1081
4,Organic Video,2
4,Referral,495
4,Unassigned,6
5,Direct,679
5,Organic Search,506
5,Organic Social,951
5,Organic Video,1
5,Referral,453
5,Unassigned,8
6,Direct,768
6,Organic Search,639
6,Organic Social,1171
6,Organic Video,1
6,Referral,565
6,Unassigned,17
7,Direct,889
7,Organic Search,778
7,Organic Social,1524
7,Organic Video,2
7,Referral,743
7,Unassigned,10
8,Direct,1078
8,Organic Search,938
8,Organic Social,1886
8,Organic Video,4
8,Referral,862
8,Unassigned,13
9,Direct,1347
9,Organic Search,1269
9,Organic Social,2390
9,Organic Video,4
9,Referral,1192
9,Unassigned,19
10,Direct,1621
10,Organic Search,1649
10,Organic Social,2834
10,Organic Video,9
10,Referral,1648
10,Unassigned,30
11,Direct,1892
11,Organic Search,1839
11,Organic Social,3069
11,Organic Video,8
11,Referral,1790
11,Unassigned,31
12,Direct,1881
12,Organic Search,1871
12,Organic Social,2842
12,Organic Video,7
12,Referral,1763
12,Unassigned,34
13,Direct,1806
13,Organic Search,1758
13,Organic Social,2691
13,Organic Video,5
13,Referral,1623
13,Unassigned,22
14,Direct,1803
14,Organic Search,1964
14,Organic Social,2866
14,Organic Video,7
14,Referral,1723
14,Unassigned,36
15,Direct,1809
15,Organic Search,1898
15,Organic Social,3250
15,Organic Video,8
15,Referral,1644
15,Unassigned,38
16,Direct,1802
16,Organic Search,1709
16,Organic Social,3325
16,Organic Video,9
16,Referral,1589
16,Unassigned,33
17,Direct,1774
17,Organic Search,1598
17,Organic Social,3188
17,Organic Video,6
17,Referral,1575
17,Unassigned,24
18,Direct,1937
18,Organic Search,1844
18,Organic Social,3157
18,Organic Video,6
18,Referral,1620
18,Unassigned,29
19,Direct,2062
19,Email,1
19,Organic Search,1887
19,Organic Social,3469
19,Organic Video,12
19,Referral,1660
19,Unassigned,38
20,Direct,2062
20,Organic Search,1924
20,Organic Social,3206
20,Organic Video,10
20,Referral,1762
20,Unassigned,32
21,Direct,2059
21,Organic Search,1838
21,Organic Social,3323
21,Organic Video,11
21,Referral,1799
21,Unassigned,26
22,Direct,2149
22,Organic Search,1814
22,Organic Social,3027
22,Organic Video,12
22,Referral,1744
22,Unassigned,31
23,Direct,2581
23,Organic Search,1409
23,Organic Social,2566
23,Organic Video,2
23,Referral,1298
23,Unassigned,20
