DateHour,Sessions,Engaged_Sessions,Engagement rate
2024-04-06 00:00:00,270,146,0.5407407407407407
2024-04-06 01:00:00,142,69,0.4859154929577465
2024-04-06 02:00:00,142,84,0.5915492957746479
2024-04-06 03:00:00,122,64,0.5245901639344263
2024-04-06 04:00:00,102,47,0.46078431372549017
2024-04-06 05:00:00,81,46,0.5679012345679012
2024-04-06 06:00:00,102,57,0.5588235294117647
2024-04-06 07:00:00,112,51,0.45535714285714285
2024-04-06 08:00:00,130,72,0.5538461538461539
2024-04-06 09:00:00,186,106,0.5698924731182796
2024-04-06 10:00:00,204,103,0.5049019607843137
2024-04-06 11:00:00,295,181,0.6135593220338983
2024-04-06 12:00:00,265,157,0.5924528301886792
2024-04-06 13:00:00,249,151,0.606425702811245
2024-04-06 14:00:00,242,148,0.6115702479338843
2024-04-06 15:00:00,221,127,0.5746606334841629
2024-04-06 16:00:00,217,130,0.5990783410138248
2024-04-06 17:00:00,205,117,0.5707317073170731
2024-04-06 18:00:00,229,127,0.5545851528384279
2024-04-06 19:00:00,276,144,0.5217391304347826
2024-04-06 20:00:00,254,144,0.5669291338582677
2024-04-06 21:00:00,267,147,0.550561797752809
2024-04-06 22:00:00,241,115,0.47717842323651455
2024-04-06 23:00:00,209,96,0.45933014354066987
2024-04-07 00:00:00,274,144,0.5255474452554745
2024-04-07 01:00:00,164,89,0.5426829268292683
2024-04-07 02:00:00,123,69,0.5609756097560976
2024-04-07 03:00:00,100,63,0.63
2024-04-07 04:00:00,105,47,0.44761904761904764
2024-04-07 05:00:00,79,40,0.5063291139240507
2024-04-07 06:00:00,87,40,0.45977011494252873
2024-04-07 07:00:00,122,67,0.5491803278688525
2024-04-07 08:00:00,154,94,0.6103896103896104
2024-04-07 09:00:00,181,99,0.5469613259668509
2024-04-07 10:00:00,203,124,0.6108374384236454
2024-04-07 11:00:00,254,154,0.6062992125984252
2024-04-07 12:00:00,261,160,0.6130268199233716
2024-04-07 13:00:00,248,155,0.625
2024-04-07 14:00:00,223,137,0.6143497757847534
2024-04-07 15:00:00,252,147,0.5833333333333334
2024-04-07 16:00:00,239,149,0.6234309623430963
2024-04-07 17:00:00,316,158,0.5
2024-04-07 18:00:00,295,151,0.511864406779661
2024-04-07 19:00:00,277,163,0.5884476534296029
2024-04-07 20:00:00,316,181,0.5727848101265823
2024-04-07 21:00:00,282,150,0.5319148936170213
2024-04-07 22:00:00,310,178,0.5741935483870968
2024-04-07 23:00:00,315,160,0.5079365079365079
2024-04-08 00:00:00,239,138,0.5774058577405857
2024-04-08 01:00:00,140,70,0.5
2024-04-08 02:00:00,113,56,0.49557522123893805
2024-04-08 03:00:00,90,48,0.5333333333333333
2024-04-08 04:00:00,78,49,0.6282051282051282
2024-04-08 05:00:00,85,48,0.5647058823529412
2024-04-08 06:00:00,91,49,0.5384615384615384
2024-04-08 07:00:00,133,82,0.6165413533834586
2024-04-08 08:00:00,160,92,0.575
2024-04-08 09:00:00,220,129,0.5863636363636363
2024-04-08 10:00:00,309,197,0.6375404530744336
2024-04-08 11:00:00,331,206,0.622356495468278
2024-04-08 12:00:00,309,181,0.5857605177993528
2024-04-08 13:00:00,300,173,0.5766666666666667
2024-04-08 14:00:00,325,188,0.5784615384615385
2024-04-08 15:00:00,347,182,0.5244956772334294
2024-04-08 16:00:00,286,166,0.5804195804195804
2024-04-08 17:00:00,252,136,0.5396825396825397
2024-04-08 18:00:00,324,175,0.5401234567901234
2024-04-08 19:00:00,325,189,0.5815384615384616
2024-04-08 20:00:00,348,186,0.5344827586206896
2024-04-08 21:00:00,285,155,0.543859649122807
2024-04-08 22:00:00,301,160,0.53156146179402
2024-04-08 23:00:00,258,133,0.5155038759689923
2024-04-09 00:00:00,233,127,0.5450643776824035
2024-04-09 01:00:00,197,109,0.5532994923857868
2024-04-09 02:00:00,168,100,0.5952380952380952
2024-04-09 03:00:00,140,73,0.5214285714285715
2024-04-09 04:00:00,93,47,0.5053763440860215
2024-04-09 05:00:00,82,43,0.524390243902439
2024-04-09 06:00:00,122,82,0.6721311475409836
2024-04-09 07:00:00,157,80,0.5095541401273885
2024-04-09 08:00:00,159,74,0.46540880503144655
2024-04-09 09:00:00,199,110,0.5527638190954773
2024-04-09 10:00:00,244,124,0.5081967213114754
2024-04-09 11:00:00,286,179,0.6258741258741258
2024-04-09 12:00:00,260,156,0.6
2024-04-09 13:00:00,272,167,0.6139705882352942
2024-04-09 14:00:00,285,181,0.6350877192982456
2024-04-09 15:00:00,305,169,0.5540983606557377
2024-04-09 16:00:00,280,160,0.5714285714285714
2024-04-09 17:00:00,277,144,0.51985559566787
2024-04-09 18:00:00,308,165,0.5357142857142857
2024-04-09 19:00:00,292,160,0.547945205479452
2024-04-09 20:00:00,322,182,0.5652173913043478
2024-04-09 21:00:00,304,166,0.5460526315789473
2024-04-09 22:00:00,295,168,0.5694915254237288
2024-04-09 23:00:00,292,140,0.4794520547945205
2024-04-10 00:00:00,372,144,0.3870967741935484
2024-04-10 01:00:00,215,99,0.4604651162790698
2024-04-10 02:00:00,168,77,0.4583333333333333
2024-04-10 03:00:00,140,73,0.5214285714285715
2024-04-10 04:00:00,110,56,0.509090909090909
2024-04-10 05:00:00,115,54,0.46956521739130436
2024-04-10 06:00:00,132,55,0.4166666666666667
2024-04-10 07:00:00,180,81,0.45
2024-04-10 08:00:00,184,95,0.5163043478260869
2024-04-10 09:00:00,235,136,0.5787234042553191
2024-04-10 10:00:00,301,155,0.5149501661129569
2024-04-10 11:00:00,302,186,0.6158940397350994
2024-04-10 12:00:00,337,195,0.5786350148367952
2024-04-10 13:00:00,282,146,0.5177304964539007
2024-04-10 14:00:00,288,165,0.5729166666666666
2024-04-10 15:00:00,309,175,0.5663430420711975
2024-04-10 16:00:00,309,162,0.5242718446601942
2024-04-10 17:00:00,298,151,0.5067114093959731
2024-04-10 18:00:00,281,146,0.5195729537366548
2024-04-10 19:00:00,295,166,0.5627118644067797
2024-04-10 20:00:00,271,150,0.5535055350553506
2024-04-10 21:00:00,267,145,0.5430711610486891
2024-04-10 22:00:00,247,144,0.582995951417004
2024-04-10 23:00:00,228,115,0.5043859649122807
2024-04-11 00:00:00,299,141,0.47157190635451507
2024-04-11 01:00:00,220,106,0.4818181818181818
2024-04-11 02:00:00,139,69,0.49640287769784175
2024-04-11 03:00:00,100,43,0.43
2024-04-11 04:00:00,94,48,0.5106382978723404
2024-04-11 05:00:00,101,52,0.5148514851485149
2024-04-11 06:00:00,107,47,0.4392523364485981
2024-04-11 07:00:00,132,68,0.5151515151515151
2024-04-11 08:00:00,131,68,0.5190839694656488
2024-04-11 09:00:00,205,104,0.5073170731707317
2024-04-11 10:00:00,246,132,0.5365853658536586
2024-04-11 11:00:00,254,156,0.6141732283464567
2024-04-11 12:00:00,253,155,0.6126482213438735
2024-04-11 13:00:00,270,156,0.5777777777777777
2024-04-11 14:00:00,294,155,0.5272108843537415
2024-04-11 15:00:00,287,153,0.5331010452961672
2024-04-11 16:00:00,281,142,0.505338078291815
2024-04-11 17:00:00,291,172,0.5910652920962199
2024-04-11 18:00:00,274,156,0.5693430656934306
2024-04-11 19:00:00,384,221,0.5755208333333334
2024-04-11 20:00:00,329,176,0.5349544072948328
2024-04-11 21:00:00,322,170,0.5279503105590062
2024-04-11 22:00:00,294,177,0.6020408163265306
2024-04-11 23:00:00,302,156,0.5165562913907285
2024-04-12 00:00:00,352,170,0.48295454545454547
2024-04-12 01:00:00,194,108,0.5567010309278351
2024-04-12 02:00:00,147,70,0.47619047619047616
2024-04-12 03:00:00,123,62,0.5040650406504065
2024-04-12 04:00:00,143,67,0.46853146853146854
2024-04-12 05:00:00,118,59,0.5
2024-04-12 06:00:00,146,70,0.4794520547945205
2024-04-12 07:00:00,182,104,0.5714285714285714
2024-04-12 08:00:00,231,117,0.5064935064935064
2024-04-12 09:00:00,282,149,0.5283687943262412
2024-04-12 10:00:00,344,212,0.6162790697674418
2024-04-12 11:00:00,364,207,0.5686813186813187
2024-04-12 12:00:00,343,190,0.5539358600583091
2024-04-12 13:00:00,295,160,0.5423728813559322
2024-04-12 14:00:00,340,212,0.6235294117647059
2024-04-12 15:00:00,302,164,0.543046357615894
2024-04-12 16:00:00,289,166,0.5743944636678201
2024-04-12 17:00:00,274,162,0.5912408759124088
2024-04-12 18:00:00,308,162,0.525974025974026
2024-04-12 19:00:00,284,162,0.5704225352112676
2024-04-12 20:00:00,286,182,0.6363636363636364
2024-04-12 21:00:00,369,178,0.4823848238482385
2024-04-12 22:00:00,313,171,0.5463258785942492
2024-04-12 23:00:00,274,139,0.5072992700729927
2024-04-13 00:00:00,283,125,0.4416961130742049
2024-04-13 01:00:00,182,98,0.5384615384615384
2024-04-13 02:00:00,116,62,0.5344827586206896
2024-04-13 03:00:00,94,46,0.48936170212765956
2024-04-13 04:00:00,97,51,0.5257731958762887
2024-04-13 05:00:00,79,49,0.620253164556962
2024-04-13 06:00:00,113,56,0.49557522123893805
2024-04-13 07:00:00,114,66,0.5789473684210527
2024-04-13 08:00:00,149,82,0.5503355704697986
2024-04-13 09:00:00,196,110,0.5612244897959183
2024-04-13 10:00:00,250,157,0.628
2024-04-13 11:00:00,255,158,0.6196078431372549
2024-04-13 12:00:00,268,157,0.585820895522388
2024-04-13 13:00:00,222,123,0.5540540540540541
2024-04-13 14:00:00,238,142,0.5966386554621849
2024-04-13 15:00:00,237,127,0.5358649789029536
2024-04-13 16:00:00,286,149,0.5209790209790209
2024-04-13 17:00:00,269,136,0.5055762081784386
2024-04-13 18:00:00,298,151,0.5067114093959731
2024-04-13 19:00:00,283,162,0.5724381625441696
2024-04-13 20:00:00,279,164,0.5878136200716846
2024-04-13 21:00:00,366,207,0.5655737704918032
2024-04-13 22:00:00,357,175,0.49019607843137253
2024-04-13 23:00:00,290,150,0.5172413793103449
2024-04-14 00:00:00,322,139,0.43167701863354035
2024-04-14 01:00:00,214,98,0.45794392523364486
2024-04-14 02:00:00,148,70,0.47297297297297297
2024-04-14 03:00:00,150,70,0.4666666666666667
2024-04-14 04:00:00,111,58,0.5225225225225225
2024-04-14 05:00:00,94,41,0.43617021276595747
2024-04-14 06:00:00,103,53,0.5145631067961165
2024-04-14 07:00:00,153,81,0.5294117647058824
2024-04-14 08:00:00,179,87,0.4860335195530726
2024-04-14 09:00:00,224,119,0.53125
2024-04-14 10:00:00,228,103,0.4517543859649123
2024-04-14 11:00:00,284,149,0.5246478873239436
2024-04-14 12:00:00,267,158,0.5917602996254682
2024-04-14 13:00:00,256,147,0.57421875
2024-04-14 14:00:00,247,144,0.582995951417004
2024-04-14 15:00:00,244,152,0.6229508196721312
2024-04-14 16:00:00,243,146,0.6008230452674898
2024-04-14 17:00:00,273,150,0.5494505494505495
2024-04-14 18:00:00,287,169,0.5888501742160279
2024-04-14 19:00:00,304,179,0.5888157894736842
2024-04-14 20:00:00,287,170,0.5923344947735192
2024-04-14 21:00:00,291,156,0.5360824742268041
2024-04-14 22:00:00,303,159,0.5247524752475248
2024-04-14 23:00:00,290,152,0.5241379310344828
2024-04-15 00:00:00,304,131,0.4309210526315789
2024-04-15 01:00:00,198,96,0.48484848484848486
2024-04-15 02:00:00,154,89,0.577922077922078
2024-04-15 03:00:00,124,67,0.5403225806451613
2024-04-15 04:00:00,115,60,0.5217391304347826
2024-04-15 05:00:00,95,51,0.5368421052631579
2024-04-15 06:00:00,128,67,0.5234375
2024-04-15 07:00:00,129,68,0.5271317829457365
2024-04-15 08:00:00,198,106,0.5353535353535354
2024-04-15 09:00:00,222,123,0.5540540540540541
2024-04-15 10:00:00,290,182,0.6275862068965518
2024-04-15 11:00:00,315,185,0.5873015873015873
2024-04-15 12:00:00,315,177,0.5619047619047619
2024-04-15 13:00:00,393,220,0.5597964376590331
2024-04-15 14:00:00,395,207,0.5240506329113924
2024-04-15 15:00:00,446,218,0.48878923766816146
2024-04-15 16:00:00,426,198,0.4647887323943662
2024-04-15 17:00:00,360,181,0.5027777777777778
2024-04-15 18:00:00,352,183,0.5198863636363636
2024-04-15 19:00:00,376,206,0.5478723404255319
2024-04-15 20:00:00,347,176,0.5072046109510087
2024-04-15 21:00:00,347,176,0.5072046109510087
2024-04-15 22:00:00,309,176,0.56957928802589
2024-04-15 23:00:00,271,149,0.5498154981549815
2024-04-16 00:00:00,310,132,0.4258064516129032
2024-04-16 01:00:00,166,81,0.4879518072289157
2024-04-16 02:00:00,163,84,0.5153374233128835
2024-04-16 03:00:00,106,56,0.5283018867924528
2024-04-16 04:00:00,91,46,0.5054945054945055
2024-04-16 05:00:00,112,63,0.5625
2024-04-16 06:00:00,138,81,0.5869565217391305
2024-04-16 07:00:00,157,89,0.5668789808917197
2024-04-16 08:00:00,210,103,0.49047619047619045
2024-04-16 09:00:00,232,143,0.6163793103448276
2024-04-16 10:00:00,294,159,0.5408163265306123
2024-04-16 11:00:00,334,203,0.6077844311377245
2024-04-16 12:00:00,296,173,0.5844594594594594
2024-04-16 13:00:00,284,164,0.5774647887323944
2024-04-16 14:00:00,301,186,0.6179401993355482
2024-04-16 15:00:00,318,176,0.5534591194968553
2024-04-16 16:00:00,299,175,0.5852842809364549
2024-04-16 17:00:00,279,146,0.5232974910394266
2024-04-16 18:00:00,324,173,0.5339506172839507
2024-04-16 19:00:00,314,180,0.5732484076433121
2024-04-16 20:00:00,340,188,0.5529411764705883
2024-04-16 21:00:00,331,195,0.5891238670694864
2024-04-16 22:00:00,317,169,0.5331230283911672
2024-04-16 23:00:00,312,155,0.4967948717948718
2024-04-17 00:00:00,364,184,0.5054945054945055
2024-04-17 01:00:00,224,96,0.42857142857142855
2024-04-17 02:00:00,172,89,0.5174418604651163
2024-04-17 03:00:00,162,87,0.5370370370370371
2024-04-17 04:00:00,114,59,0.5175438596491229
2024-04-17 05:00:00,104,60,0.5769230769230769
2024-04-17 06:00:00,154,65,0.42207792207792205
2024-04-17 07:00:00,182,89,0.489010989010989
2024-04-17 08:00:00,254,137,0.5393700787401575
2024-04-17 09:00:00,279,147,0.5268817204301075
2024-04-17 10:00:00,319,186,0.5830721003134797
2024-04-17 11:00:00,388,225,0.5798969072164949
2024-04-17 12:00:00,377,221,0.5862068965517241
2024-04-17 13:00:00,340,182,0.5352941176470588
2024-04-17 14:00:00,360,218,0.6055555555555555
2024-04-17 15:00:00,415,243,0.5855421686746988
2024-04-17 16:00:00,376,236,0.6276595744680851
2024-04-17 17:00:00,359,216,0.6016713091922006
2024-04-17 18:00:00,513,279,0.543859649122807
2024-04-17 19:00:00,494,263,0.5323886639676113
2024-04-17 20:00:00,469,245,0.5223880597014925
2024-04-17 21:00:00,460,243,0.5282608695652173
2024-04-17 22:00:00,443,242,0.54627539503386
2024-04-17 23:00:00,337,187,0.5548961424332344
2024-04-18 00:00:00,301,140,0.46511627906976744
2024-04-18 01:00:00,216,128,0.5925925925925926
2024-04-18 02:00:00,167,86,0.5149700598802395
2024-04-18 03:00:00,132,69,0.5227272727272727
2024-04-18 04:00:00,104,43,0.41346153846153844
2024-04-18 05:00:00,112,61,0.5446428571428571
2024-04-18 06:00:00,140,73,0.5214285714285715
2024-04-18 07:00:00,151,76,0.5033112582781457
2024-04-18 08:00:00,194,119,0.6134020618556701
2024-04-18 09:00:00,235,142,0.6042553191489362
2024-04-18 10:00:00,307,178,0.5798045602605864
2024-04-18 11:00:00,327,194,0.5932721712538226
2024-04-18 12:00:00,297,172,0.5791245791245792
2024-04-18 13:00:00,301,185,0.6146179401993356
2024-04-18 14:00:00,317,179,0.5646687697160884
2024-04-18 15:00:00,322,194,0.6024844720496895
2024-04-18 16:00:00,370,208,0.5621621621621622
2024-04-18 17:00:00,358,204,0.5698324022346368
2024-04-18 18:00:00,382,207,0.5418848167539267
2024-04-18 19:00:00,390,242,0.6205128205128205
2024-04-18 20:00:00,381,219,0.5748031496062992
2024-04-18 21:00:00,402,223,0.554726368159204
2024-04-18 22:00:00,358,204,0.5698324022346368
2024-04-18 23:00:00,320,173,0.540625
2024-04-19 00:00:00,383,167,0.4360313315926893
2024-04-19 01:00:00,234,117,0.5
2024-04-19 02:00:00,195,84,0.4307692307692308
2024-04-19 03:00:00,133,65,0.48872180451127817
2024-04-19 04:00:00,114,51,0.4473684210526316
2024-04-19 05:00:00,89,42,0.47191011235955055
2024-04-19 06:00:00,117,60,0.5128205128205128
2024-04-19 07:00:00,176,86,0.48863636363636365
2024-04-19 08:00:00,196,114,0.5816326530612245
2024-04-19 09:00:00,246,126,0.5121951219512195
2024-04-19 10:00:00,342,190,0.5555555555555556
2024-04-19 11:00:00,333,184,0.5525525525525525
2024-04-19 12:00:00,314,172,0.5477707006369427
2024-04-19 13:00:00,288,161,0.5590277777777778
2024-04-19 14:00:00,312,161,0.5160256410256411
2024-04-19 15:00:00,317,185,0.583596214511041
2024-04-19 16:00:00,373,195,0.5227882037533512
2024-04-19 17:00:00,312,155,0.4967948717948718
2024-04-19 18:00:00,304,162,0.5328947368421053
2024-04-19 19:00:00,353,186,0.5269121813031161
2024-04-19 20:00:00,347,182,0.5244956772334294
2024-04-19 21:00:00,306,173,0.565359477124183
2024-04-19 22:00:00,279,151,0.5412186379928315
2024-04-19 23:00:00,302,170,0.5629139072847682
2024-04-20 00:00:00,294,144,0.4897959183673469
2024-04-20 01:00:00,180,110,0.6111111111111112
2024-04-20 02:00:00,134,69,0.5149253731343284
2024-04-20 03:00:00,88,43,0.48863636363636365
2024-04-20 04:00:00,93,39,0.41935483870967744
2024-04-20 05:00:00,69,37,0.5362318840579711
2024-04-20 06:00:00,71,34,0.4788732394366197
2024-04-20 07:00:00,121,62,0.512396694214876
2024-04-20 08:00:00,118,63,0.5338983050847458
2024-04-20 09:00:00,198,114,0.5757575757575758
2024-04-20 10:00:00,257,153,0.5953307392996109
2024-04-20 11:00:00,291,169,0.5807560137457045
2024-04-20 12:00:00,248,142,0.5725806451612904
2024-04-20 13:00:00,237,141,0.5949367088607594
2024-04-20 14:00:00,230,140,0.6086956521739131
2024-04-20 15:00:00,235,144,0.6127659574468085
2024-04-20 16:00:00,236,160,0.6779661016949152
2024-04-20 17:00:00,231,136,0.5887445887445888
2024-04-20 18:00:00,233,131,0.5622317596566524
2024-04-20 19:00:00,275,158,0.5745454545454546
2024-04-20 20:00:00,267,148,0.5543071161048689
2024-04-20 21:00:00,267,155,0.5805243445692884
2024-04-20 22:00:00,243,149,0.6131687242798354
2024-04-20 23:00:00,220,117,0.5318181818181819
2024-04-21 00:00:00,204,108,0.5294117647058824
2024-04-21 01:00:00,146,74,0.5068493150684932
2024-04-21 02:00:00,94,50,0.5319148936170213
2024-04-21 03:00:00,90,44,0.4888888888888889
2024-04-21 04:00:00,99,64,0.6464646464646465
2024-04-21 05:00:00,69,36,0.5217391304347826
2024-04-21 06:00:00,92,54,0.5869565217391305
2024-04-21 07:00:00,110,67,0.6090909090909091
2024-04-21 08:00:00,127,59,0.4645669291338583
2024-04-21 09:00:00,128,81,0.6328125
2024-04-21 10:00:00,257,127,0.49416342412451364
2024-04-21 11:00:00,233,123,0.5278969957081545
2024-04-21 12:00:00,232,128,0.5517241379310345
2024-04-21 13:00:00,212,126,0.5943396226415094
2024-04-21 14:00:00,220,123,0.5590909090909091
2024-04-21 15:00:00,233,122,0.5236051502145923
2024-04-21 16:00:00,219,117,0.5342465753424658
2024-04-21 17:00:00,197,108,0.5482233502538071
2024-04-21 18:00:00,224,129,0.5758928571428571
2024-04-21 19:00:00,242,129,0.5330578512396694
2024-04-21 20:00:00,238,127,0.5336134453781513
2024-04-21 21:00:00,246,141,0.573170731707317
2024-04-21 22:00:00,276,158,0.572463768115942
2024-04-21 23:00:00,282,144,0.5106382978723404
2024-04-22 00:00:00,249,124,0.4979919678714859
2024-04-22 01:00:00,189,107,0.5661375661375662
2024-04-22 02:00:00,166,85,0.5120481927710844
2024-04-22 03:00:00,118,67,0.5677966101694916
2024-04-22 04:00:00,98,52,0.5306122448979592
2024-04-22 05:00:00,95,49,0.5157894736842106
2024-04-22 06:00:00,117,56,0.47863247863247865
2024-04-22 07:00:00,124,57,0.4596774193548387
2024-04-22 08:00:00,144,79,0.5486111111111112
2024-04-22 09:00:00,217,115,0.5299539170506913
2024-04-22 10:00:00,299,191,0.6387959866220736
2024-04-22 11:00:00,347,220,0.6340057636887608
2024-04-22 12:00:00,336,219,0.6517857142857143
2024-04-22 13:00:00,277,165,0.5956678700361011
2024-04-22 14:00:00,328,182,0.5548780487804879
2024-04-22 15:00:00,373,200,0.5361930294906166
2024-04-22 16:00:00,290,157,0.5413793103448276
2024-04-22 17:00:00,316,181,0.5727848101265823
2024-04-22 18:00:00,316,186,0.5886075949367089
2024-04-22 19:00:00,324,180,0.5555555555555556
2024-04-22 20:00:00,305,177,0.580327868852459
2024-04-22 21:00:00,318,171,0.5377358490566038
2024-04-22 22:00:00,304,177,0.5822368421052632
2024-04-22 23:00:00,256,128,0.5
2024-04-23 00:00:00,195,106,0.5435897435897435
2024-04-23 01:00:00,155,81,0.5225806451612903
2024-04-23 02:00:00,127,74,0.5826771653543307
2024-04-23 03:00:00,97,52,0.5360824742268041
2024-04-23 04:00:00,88,53,0.6022727272727273
2024-04-23 05:00:00,70,32,0.45714285714285713
2024-04-23 06:00:00,119,68,0.5714285714285714
2024-04-23 07:00:00,140,81,0.5785714285714286
2024-04-23 08:00:00,168,90,0.5357142857142857
2024-04-23 09:00:00,344,178,0.5174418604651163
2024-04-23 10:00:00,325,199,0.6123076923076923
2024-04-23 11:00:00,330,213,0.6454545454545455
2024-04-23 12:00:00,355,205,0.5774647887323944
2024-04-23 13:00:00,334,190,0.5688622754491018
2024-04-23 14:00:00,333,202,0.6066066066066066
2024-04-23 15:00:00,337,212,0.629080118694362
2024-04-23 16:00:00,368,206,0.5597826086956522
2024-04-23 17:00:00,329,187,0.5683890577507599
2024-04-23 18:00:00,334,195,0.5838323353293413
2024-04-23 19:00:00,375,208,0.5546666666666666
2024-04-23 20:00:00,302,172,0.5695364238410596
2024-04-23 21:00:00,324,197,0.6080246913580247
2024-04-23 22:00:00,295,167,0.5661016949152542
2024-04-23 23:00:00,260,138,0.5307692307692308
2024-04-24 00:00:00,274,139,0.5072992700729927
2024-04-24 01:00:00,188,93,0.4946808510638298
2024-04-24 02:00:00,144,80,0.5555555555555556
2024-04-24 03:00:00,115,59,0.5130434782608696
2024-04-24 04:00:00,99,56,0.5656565656565656
2024-04-24 05:00:00,118,61,0.5169491525423728
2024-04-24 06:00:00,107,66,0.616822429906542
2024-04-24 07:00:00,143,78,0.5454545454545454
2024-04-24 08:00:00,190,99,0.5210526315789473
2024-04-24 09:00:00,217,120,0.5529953917050692
2024-04-24 10:00:00,254,146,0.5748031496062992
2024-04-24 11:00:00,283,170,0.6007067137809188
2024-04-24 12:00:00,330,197,0.5969696969696969
2024-04-24 13:00:00,341,201,0.5894428152492669
2024-04-24 14:00:00,345,232,0.672463768115942
2024-04-24 15:00:00,353,197,0.5580736543909348
2024-04-24 16:00:00,309,173,0.5598705501618123
2024-04-24 17:00:00,279,146,0.5232974910394266
2024-04-24 18:00:00,319,170,0.5329153605015674
2024-04-24 19:00:00,302,182,0.6026490066225165
2024-04-24 20:00:00,305,183,0.6
2024-04-24 21:00:00,291,171,0.5876288659793815
2024-04-24 22:00:00,279,148,0.5304659498207885
2024-04-24 23:00:00,299,163,0.5451505016722408
2024-04-25 00:00:00,316,129,0.40822784810126583
2024-04-25 01:00:00,181,99,0.5469613259668509
2024-04-25 02:00:00,129,69,0.5348837209302325
2024-04-25 03:00:00,103,52,0.5048543689320388
2024-04-25 04:00:00,88,52,0.5909090909090909
2024-04-25 05:00:00,102,58,0.5686274509803921
2024-04-25 06:00:00,112,69,0.6160714285714286
2024-04-25 07:00:00,138,72,0.5217391304347826
2024-04-25 08:00:00,168,94,0.5595238095238095
2024-04-25 09:00:00,274,153,0.5583941605839416
2024-04-25 10:00:00,288,175,0.6076388888888888
2024-04-25 11:00:00,328,210,0.6402439024390244
2024-04-25 12:00:00,305,171,0.5606557377049181
2024-04-25 13:00:00,284,162,0.5704225352112676
2024-04-25 14:00:00,353,197,0.5580736543909348
2024-04-25 15:00:00,328,191,0.5823170731707317
2024-04-25 16:00:00,363,188,0.5179063360881543
2024-04-25 17:00:00,390,223,0.5717948717948718
2024-04-25 18:00:00,402,224,0.5572139303482587
2024-04-25 19:00:00,351,182,0.5185185185185185
2024-04-25 20:00:00,347,192,0.553314121037464
2024-04-25 21:00:00,346,167,0.48265895953757226
2024-04-25 22:00:00,358,202,0.5642458100558659
2024-04-25 23:00:00,310,173,0.5580645161290323
2024-04-26 00:00:00,246,134,0.5447154471544715
2024-04-26 01:00:00,166,98,0.5903614457831325
2024-04-26 02:00:00,130,76,0.5846153846153846
2024-04-26 03:00:00,115,62,0.5391304347826087
2024-04-26 04:00:00,83,43,0.5180722891566265
2024-04-26 05:00:00,88,44,0.5
2024-04-26 06:00:00,87,48,0.5517241379310345
2024-04-26 07:00:00,116,70,0.603448275862069
2024-04-26 08:00:00,155,86,0.5548387096774193
2024-04-26 09:00:00,173,97,0.5606936416184971
2024-04-26 10:00:00,360,196,0.5444444444444444
2024-04-26 11:00:00,340,206,0.6058823529411764
2024-04-26 12:00:00,306,201,0.6568627450980392
2024-04-26 13:00:00,305,179,0.5868852459016394
2024-04-26 14:00:00,281,165,0.5871886120996441
2024-04-26 15:00:00,300,178,0.5933333333333334
2024-04-26 16:00:00,353,203,0.5750708215297451
2024-04-26 17:00:00,329,189,0.574468085106383
2024-04-26 18:00:00,298,173,0.5805369127516778
2024-04-26 19:00:00,361,216,0.5983379501385041
2024-04-26 20:00:00,380,234,0.6157894736842106
2024-04-26 21:00:00,395,201,0.5088607594936709
2024-04-26 22:00:00,311,169,0.5434083601286174
2024-04-26 23:00:00,275,140,0.509090909090909
2024-04-27 00:00:00,272,144,0.5294117647058824
2024-04-27 01:00:00,172,103,0.5988372093023255
2024-04-27 02:00:00,133,66,0.49624060150375937
2024-04-27 03:00:00,112,50,0.44642857142857145
2024-04-27 04:00:00,68,32,0.47058823529411764
2024-04-27 05:00:00,63,31,0.49206349206349204
2024-04-27 06:00:00,95,51,0.5368421052631579
2024-04-27 07:00:00,102,58,0.5686274509803921
2024-04-27 08:00:00,138,74,0.5362318840579711
2024-04-27 09:00:00,158,81,0.5126582278481012
2024-04-27 10:00:00,212,134,0.6320754716981132
2024-04-27 11:00:00,259,153,0.5907335907335908
2024-04-27 12:00:00,243,151,0.6213991769547325
2024-04-27 13:00:00,226,141,0.6238938053097345
2024-04-27 14:00:00,258,149,0.5775193798449613
2024-04-27 15:00:00,245,132,0.5387755102040817
2024-04-27 16:00:00,258,126,0.4883720930232558
2024-04-27 17:00:00,265,142,0.5358490566037736
2024-04-27 18:00:00,255,134,0.5254901960784314
2024-04-27 19:00:00,234,117,0.5
2024-04-27 20:00:00,286,158,0.5524475524475524
2024-04-27 21:00:00,254,145,0.5708661417322834
2024-04-27 22:00:00,236,130,0.5508474576271186
2024-04-27 23:00:00,238,128,0.5378151260504201
2024-04-28 00:00:00,290,115,0.39655172413793105
2024-04-28 01:00:00,199,84,0.4221105527638191
2024-04-28 02:00:00,135,65,0.48148148148148145
2024-04-28 03:00:00,89,41,0.4606741573033708
2024-04-28 04:00:00,94,43,0.4574468085106383
2024-04-28 05:00:00,71,32,0.4507042253521127
2024-04-28 06:00:00,76,25,0.32894736842105265
2024-04-28 07:00:00,106,57,0.5377358490566038
2024-04-28 08:00:00,149,83,0.5570469798657718
2024-04-28 09:00:00,191,95,0.4973821989528796
2024-04-28 10:00:00,189,113,0.5978835978835979
2024-04-28 11:00:00,318,169,0.5314465408805031
2024-04-28 12:00:00,274,149,0.5437956204379562
2024-04-28 13:00:00,243,135,0.5555555555555556
2024-04-28 14:00:00,235,134,0.5702127659574469
2024-04-28 15:00:00,216,109,0.5046296296296297
2024-04-28 16:00:00,233,136,0.5836909871244635
2024-04-28 17:00:00,243,144,0.5925925925925926
2024-04-28 18:00:00,223,128,0.5739910313901345
2024-04-28 19:00:00,272,160,0.5882352941176471
2024-04-28 20:00:00,300,176,0.5866666666666667
2024-04-28 21:00:00,294,172,0.5850340136054422
2024-04-28 22:00:00,315,164,0.5206349206349207
2024-04-28 23:00:00,270,149,0.5518518518518518
2024-04-29 00:00:00,302,143,0.4735099337748344
2024-04-29 01:00:00,161,86,0.5341614906832298
2024-04-29 02:00:00,124,63,0.5080645161290323
2024-04-29 03:00:00,99,51,0.5151515151515151
2024-04-29 04:00:00,80,41,0.5125
2024-04-29 05:00:00,101,64,0.6336633663366337
2024-04-29 06:00:00,120,61,0.5083333333333333
2024-04-29 07:00:00,128,69,0.5390625
2024-04-29 08:00:00,162,97,0.5987654320987654
2024-04-29 09:00:00,235,132,0.5617021276595745
2024-04-29 10:00:00,289,152,0.5259515570934256
2024-04-29 11:00:00,301,181,0.6013289036544851
2024-04-29 12:00:00,344,208,0.6046511627906976
2024-04-29 13:00:00,313,185,0.5910543130990416
2024-04-29 14:00:00,371,218,0.5876010781671159
2024-04-29 15:00:00,324,197,0.6080246913580247
2024-04-29 16:00:00,305,183,0.6
2024-04-29 17:00:00,304,172,0.5657894736842105
2024-04-29 18:00:00,324,207,0.6388888888888888
2024-04-29 19:00:00,289,172,0.5951557093425606
2024-04-29 20:00:00,333,197,0.5915915915915916
2024-04-29 21:00:00,339,193,0.5693215339233039
2024-04-29 22:00:00,324,185,0.5709876543209876
2024-04-29 23:00:00,275,141,0.5127272727272727
2024-04-30 00:00:00,322,144,0.4472049689440994
2024-04-30 01:00:00,214,104,0.48598130841121495
2024-04-30 02:00:00,133,65,0.48872180451127817
2024-04-30 03:00:00,106,52,0.49056603773584906
2024-04-30 04:00:00,97,51,0.5257731958762887
2024-04-30 05:00:00,107,55,0.514018691588785
2024-04-30 06:00:00,110,61,0.5545454545454546
2024-04-30 07:00:00,182,91,0.5
2024-04-30 08:00:00,180,108,0.6
2024-04-30 09:00:00,225,129,0.5733333333333334
2024-04-30 10:00:00,300,178,0.5933333333333334
2024-04-30 11:00:00,337,201,0.5964391691394659
2024-04-30 12:00:00,303,180,0.594059405940594
2024-04-30 13:00:00,287,168,0.5853658536585366
2024-04-30 14:00:00,340,207,0.6088235294117647
2024-04-30 15:00:00,416,243,0.5841346153846154
2024-04-30 16:00:00,297,165,0.5555555555555556
2024-04-30 17:00:00,275,133,0.48363636363636364
2024-04-30 18:00:00,275,154,0.56
2024-04-30 19:00:00,363,196,0.5399449035812672
2024-04-30 20:00:00,346,209,0.6040462427745664
2024-04-30 21:00:00,324,179,0.5524691358024691
2024-04-30 22:00:00,329,181,0.5501519756838906
2024-04-30 23:00:00,297,154,0.5185185185185185
2024-05-01 00:00:00,277,112,0.4043321299638989
2024-05-01 01:00:00,175,92,0.5257142857142857
2024-05-01 02:00:00,129,59,0.4573643410852713
2024-05-01 03:00:00,109,54,0.4954128440366973
2024-05-01 04:00:00,112,63,0.5625
2024-05-01 05:00:00,85,39,0.4588235294117647
2024-05-01 06:00:00,92,55,0.5978260869565217
2024-05-01 07:00:00,140,80,0.5714285714285714
2024-05-01 08:00:00,150,87,0.58
2024-05-01 09:00:00,233,130,0.5579399141630901
2024-05-01 10:00:00,280,160,0.5714285714285714
2024-05-01 11:00:00,271,162,0.5977859778597786
2024-05-01 12:00:00,282,172,0.6099290780141844
2024-05-01 13:00:00,278,154,0.5539568345323741
2024-05-01 14:00:00,269,170,0.6319702602230484
2024-05-01 15:00:00,284,160,0.5633802816901409
2024-05-01 16:00:00,324,183,0.5648148148148148
2024-05-01 17:00:00,292,164,0.5616438356164384
2024-05-01 18:00:00,311,187,0.6012861736334405
2024-05-01 19:00:00,458,240,0.5240174672489083
2024-05-01 20:00:00,346,201,0.5809248554913294
2024-05-01 21:00:00,336,191,0.5684523809523809
2024-05-01 22:00:00,388,223,0.5747422680412371
2024-05-01 23:00:00,314,173,0.5509554140127388
2024-05-02 00:00:00,279,124,0.4444444444444444
2024-05-02 01:00:00,164,84,0.5121951219512195
2024-05-02 02:00:00,138,87,0.6304347826086957
2024-05-02 03:00:00,104,50,0.4807692307692308
2024-05-02 04:00:00,94,54,0.574468085106383
2024-05-02 05:00:00,113,64,0.5663716814159292
2024-05-02 06:00:00,151,96,0.6357615894039735
2024-05-02 07:00:00,165,98,0.593939393939394
2024-05-02 08:00:00,192,98,0.5104166666666666
2024-05-02 09:00:00,236,123,0.5211864406779662
2024-05-02 10:00:00,295,190,0.6440677966101694
2024-05-02 11:00:00,326,202,0.6196319018404908
2024-05-02 12:00:00,329,212,0.6443768996960486
2024-05-02 13:00:00,294,171,0.5816326530612245
2024-05-02 14:00:00,338,209,0.6183431952662722
2024-05-02 15:00:00,371,215,0.5795148247978437
2024-05-02 16:00:00,315,182,0.5777777777777777
2024-05-02 17:00:00,281,153,0.5444839857651246
2024-05-02 18:00:00,308,178,0.577922077922078
2024-05-02 19:00:00,312,174,0.5576923076923077
2024-05-02 20:00:00,338,191,0.5650887573964497
2024-05-02 21:00:00,349,204,0.5845272206303725
2024-05-02 22:00:00,378,220,0.582010582010582
2024-05-02 23:00:00,324,165,0.5092592592592593
2024-05-03 00:00:00,322,160,0.4968944099378882
2024-05-03 01:00:00,232,135,0.5818965517241379
2024-05-03 02:00:00,168,91,0.5416666666666666
2024-05-03 03:00:00,138,74,0.5362318840579711
2024-05-03 04:00:00,122,56,0.45901639344262296
2024-05-03 05:00:00,101,50,0.49504950495049505
2024-05-03 06:00:00,132,74,0.5606060606060606
2024-05-03 07:00:00,151,85,0.5629139072847682
2024-05-03 08:00:00,211,116,0.5497630331753555
2024-05-03 09:00:00,250,142,0.568
2024-05-03 10:00:00,305,186,0.6098360655737705
2024-05-03 11:00:00,343,210,0.6122448979591837
2024-05-03 12:00:00,349,213,0.6103151862464183
2024-05-03 13:00:00,274,165,0.6021897810218978
2024-05-03 14:00:00,331,207,0.6253776435045317
2024-05-03 15:00:00,310,187,0.603225806451613
2024-05-03 16:00:00,323,166,0.5139318885448917
2024-05-03 17:00:00,311,169,0.5434083601286174
2024-05-03 18:00:00,292,171,0.5856164383561644
2024-05-03 19:00:00,324,161,0.49691358024691357
2024-05-03 20:00:00,327,180,0.5504587155963303
2024-05-03 21:00:00,374,228,0.6096256684491979
2024-05-03 22:00:00,374,218,0.5828877005347594
2024-05-03 23:00:00,256,148,0.578125
